catalyst_family,metal_component,pH,temperature_C,tafel_slope_mV_dec,exchange_current_density_A_cm2,ECSA_cm2,is_composite,overpotential_mV_10mAcm2,overpotential_class,tafel_class,performance_class
Phosphide,Mo,5.129075012459195,47.0,119.4282043442179,0.3900724244493732,1.156722595413199,0,98.29112949332291,Low,Medium,2
Phosphide,Mo,12.43573325987915,84.0,198.0886201041544,0.3680632866684876,8.254902546847639,0,154.8751810320734,Medium,High,1
Phosphide,Mo,4.729383393189904,47.0,123.0494855379653,0.4001821789749462,1.240782984658917,0,97.3215008138254,Low,Medium,2
Phosphide,Mo,8.615098274639625,32.0,64.67056705075105,0.6846489607586217,4.53773088858093,1,177.4226922956715,Medium,Low,2
Phosphide,Mo,1.351533699075671,78.0,216.3299339698881,0.7632238307411041,3.006739675692133,0,256.0,High,High,1
Phosphide,Mo,12.2136603325374,85.0,197.1187484066732,0.3396420721310987,7.999914073841508,0,155.134128994215,Medium,High,1
Phosphide,Mo,6.0,99.0,67.23609740632477,0.6865746927596054,7.842734564766997,1,212.8535127193525,Medium,Low,2
Phosphide,Mo,6.0,97.0,65.32979289627042,0.6884105551582178,7.596775157590123,1,216.2068048163758,Medium,Low,2
Phosphide,Mo,1.488827081421764,76.0,217.07190818644,0.7684613038290914,2.938858843279158,0,256.0,High,High,1
Phosphide,Mo,1.450143525397578,74.0,135.001428375792,0.2950423963351811,3.264247634063685,1,119.5807879824171,Low,Medium,2
Phosphide,Mo,1.576912869616116,77.0,219.0280773983754,0.771776773189259,3.056038818146605,0,260.0,High,High,1
Phosphide,Mo,8.967585120793249,31.0,69.40932768501966,0.6564206959545477,4.723826630807621,1,175.2545786455607,Medium,Low,2
Phosphide,Mo,12.05102487084015,87.0,195.215973335812,0.3751553071331449,8.250677195798726,0,155.8684997286805,Medium,High,1
Phosphide,Mo,12.34287583249161,84.0,202.084480324968,0.3526675647724354,8.284665544328197,0,160.821277644675,Medium,High,1
Phosphide,Mo,12.09045143561068,84.0,200.8964585897992,0.376651385108149,8.146640064013056,0,156.6803052936626,Medium,High,1
Phosphide,Mo,1.3,77.0,218.65,0.78375,3.12,0,256.0,High,High,1
Phosphide,Mo,6.836992384384437,43.0,81.57402902883418,0.8267474164196302,4.261213030541102,1,224.5310617953031,Medium,Medium,1
Phosphide,Mo,4.92302710281711,46.0,122.3519242848017,0.3737986042898424,1.060263956337283,0,103.2611236899591,Low,Medium,2
Phosphide,Mo,12.13348172709578,86.0,201.0192140113704,0.3494175419592094,8.060409243647134,0,162.2986696171446,Medium,High,1
Phosphide,Mo,2.036122684468283,67.0,170.4133853168915,0.7296582095462181,3.672034873433655,1,175.3257599409751,Medium,High,1
Phosphide,Mo,1.404989896288045,73.0,129.5582333161762,0.2830413554814158,3.295211095522704,1,122.7565117248212,Low,Medium,2
Phosphide,Mo,8.780849231529674,30.0,62.67169666072443,0.6203551885653623,4.803142130577454,1,180.4334030575244,Medium,Low,2
Phosphide,Mo,8.712410293500556,31.0,69.65625119834415,0.6611062196730386,4.762933393149426,1,173.3933761827081,Medium,Low,2
Phosphide,Mo,12.57774803908356,85.0,201.859584643224,0.364507271471798,8.174384483996379,0,158.2084621582468,Medium,High,1
Phosphide,Mo,1.080113555138794,75.0,218.6907935155687,0.8052140084403797,3.116453850877962,0,260.0,High,High,1
Phosphide,Mo,5.11293296612978,47.0,124.8740787463373,0.4059583217571122,1.135948366021319,0,101.0778084678941,Low,Medium,2
Phosphide,Mo,6.69251185766426,47.0,90.24465675490704,0.8539050879786254,4.246136703417212,1,223.6720791012857,Medium,Medium,1
Phosphide,Mo,12.01815456561519,87.0,198.9645058699692,0.3544571603155394,8.027572326084414,0,157.40222241286,Medium,High,1
Phosphide,Mo,6.0,97.0,68.11833611480958,0.7156914487767306,7.49294871662462,1,211.1773721108159,Medium,Low,2
Phosphide,Mo,1.726084501950042,72.0,134.950507961608,0.2731985333998205,3.298466832650237,1,120.4611695962978,Low,Medium,2
Phosphide,Mo,1.558697147930103,73.0,138.5162738293391,0.2829434188154603,3.155139414138888,1,120.6244943693521,Low,Medium,2
Phosphide,Mo,6.589417793295857,43.0,80.19257737053395,0.8399636111497931,4.152398922942323,1,224.6075274636028,Medium,Medium,1
Phosphide,Mo,1.952450559726473,67.0,165.6598484451927,0.7252004530227005,3.795421371780548,1,175.2950156966554,Medium,High,1
Phosphide,Mo,12.2,85.0,199.53,0.36086,8.2,0,158.32,Medium,High,1
Phosphide,Mo,6.469643092099035,43.0,86.60422799909996,0.8188727741848336,4.152873293264055,1,226.830779373121,Medium,Medium,1
Phosphide,Mo,1.516406461497432,67.0,169.8573859147186,0.7115595117176667,3.929603106050648,1,184.6474550484829,Medium,High,1
Phosphide,Mo,6.850391461470124,44.0,83.39933799512924,0.8323621517045137,4.31079896837665,1,228.8348112181864,Medium,Medium,1
Phosphide,Mo,6.0,100.0,67.35286171251768,0.6987739154158956,7.670996294244739,1,214.6841954201088,Medium,Low,2
Phosphide,Mo,9.681878127737832,71.0,190.9488838146822,0.1699409489272612,2.417933589709437,0,134.1501640082059,Low,High,1
Phosphide,Mo,12.21013400675311,85.0,194.049523970805,0.3804820791416526,8.286666299753552,0,153.7000601556703,Medium,High,1
Phosphide,Mo,6.645117922286286,45.0,82.30928577018537,0.8295230918141737,4.025049979767087,1,225.8347955041472,Medium,Medium,1
Phosphide,Mo,6.74055174608098,45.0,87.13268664642563,0.8343635720299152,4.179092980282721,1,228.3782283419179,Medium,Medium,1
Phosphide,Mo,1.422568325780873,65.0,169.4165047940355,0.7154978909824296,3.995960267993242,1,175.2342506734335,Medium,High,1
Phosphide,Mo,10.00465657245626,70.0,192.5849974333635,0.1356419005782155,2.480630402568551,0,135.6117738301352,Low,High,1
Phosphide,Mo,5.042432259347589,45.0,122.1448125634489,0.415702172400035,1.229790322458064,0,104.1641037098612,Low,Medium,2
Phosphide,Mo,1.442244324826038,74.0,135.8972721007219,0.2963625973916912,3.078773743249057,1,118.1373127595185,Low,Medium,2
Phosphide,Mo,6.761176934980012,44.0,85.416404591731,0.8370124288591684,4.232490080545065,1,225.7551943612484,Medium,Medium,1
Phosphide,Mo,1.868651640668856,66.0,168.5447286859049,0.7149850351604485,3.932920046228662,1,175.265463543543,Medium,High,1
Phosphide,Mo,1.757077896953277,66.0,167.3767130637707,0.7204292421897404,3.902981843883473,1,168.4022406913128,Medium,High,1
Phosphide,Mo,6.0,98.0,67.73652803972533,0.6654773739980148,7.522518776448955,1,211.1827664150183,Medium,Low,2
Phosphide,Mo,1.071500466513625,76.0,218.3325825287595,0.7860192773764243,3.176692933150146,0,257.0,High,High,1
Phosphide,Mo,1.247320292331751,74.0,135.5197647152659,0.2686729132587622,3.313840131039965,1,119.2349636747943,Low,Medium,2
Phosphide,Mo,8.717827320958891,32.0,68.55152393005713,0.6526293495493507,4.532065694831994,1,178.93796266186,Medium,Low,2
Phosphide,Mo,1.702330979094624,64.0,166.5811512667975,0.7316323097005059,3.77605716092498,1,176.1321261732722,Medium,High,1
Phosphide,Mo,1.84222349386683,65.0,173.9222069985293,0.728870290326127,3.821538903982265,1,182.4391279624672,Medium,High,1
Phosphide,Mo,12.28100031321805,85.0,201.6942312770204,0.3739411669758491,8.300133030939815,0,161.284969131094,Medium,High,1
Phosphide,Mo,0.8570743657062279,76.0,217.2944781644371,0.7909562938316368,3.128445695681146,0,250.0,High,High,1
Phosphide,Mo,12.05357309635274,86.0,199.1103455584844,0.3787685274819469,8.085720314723066,0,162.2787940168817,Medium,High,1
Phosphide,Mo,4.904829718218559,46.0,120.7115846562796,0.389124141189429,1.243460439489318,0,101.3626470997657,Low,Medium,2
Phosphide,Mo,1.237058962993231,65.0,170.2094748832955,0.7108367741629208,3.859142235064454,1,174.7863862190873,Medium,High,1
Phosphide,Mo,8.590373368353637,32.0,69.30927228979769,0.6518774632350697,4.683073902162051,1,183.8973546749318,Medium,Low,2
Phosphide,Mo,1.6,66.0,168.58,0.71476,3.81,1,175.36,Medium,High,1
Phosphide,Mo,6.818082071328612,44.0,89.71859753028471,0.8601895797893123,4.144005674655082,1,226.7581842675847,Medium,Medium,1
Phosphide,Mo,6.601040962593834,44.0,87.87216209006381,0.8359706833799284,4.144939226382352,1,225.0297748271221,Medium,Medium,1
Phosphide,Mo,1.480798944628919,65.0,171.9482142501882,0.6723628449333142,3.818636393687517,1,172.9230242577891,Medium,High,1
Phosphide,Mo,4.60250950151143,47.0,120.7115623029545,0.3836420824867097,1.313977772918822,0,101.496162839992,Low,Medium,2
Phosphide,Mo,11.62806047734768,83.0,197.3485193843836,0.3732629205216289,8.200315713837488,0,159.1455264686979,Medium,High,1
Phosphide,Mo,0.8113230459872247,78.0,215.0734208974798,0.7846968717546191,3.082692829895401,0,252.0,High,High,1
Phosphide,Mo,5.104519489981925,48.0,126.1847444872727,0.38803667084204,1.165936979244697,0,101.5248851078563,Low,Medium,2
Phosphide,Mo,6.0,98.0,65.03,0.69241,7.66,1,212.21,Medium,Low,2
Phosphide,Mo,8.599763661749504,32.0,64.71979572842397,0.6437314702658421,4.730526678962254,1,184.9116189267755,Medium,Low,2
Phosphide,Mo,1.021829392637138,74.0,136.9205366774201,0.2868533209551173,3.418225636512671,1,117.8092267955477,Low,Medium,2
Phosphide,Mo,6.0,99.0,66.754431854506,0.693733202845969,7.844445818469914,1,206.2807636780983,Medium,Low,2
Phosphide,Mo,1.262833378439756,77.0,220.9831646669607,0.7861421169138759,3.040576942288443,0,253.0,High,High,1
Phosphide,Mo,6.0,98.0,66.044453051006,0.6894102734761914,7.772522570259082,1,211.9225494374377,Medium,Low,2
Phosphide,Mo,1.69323819346255,67.0,170.50664574768,0.7222324516766161,3.771491457334605,1,180.6832298193607,Medium,High,1
Phosphide,Mo,11.90792353362386,86.0,205.3988453590958,0.3649192763709899,7.944634264827061,0,161.9944512559225,Medium,High,1
Phosphide,Mo,6.685583756397183,45.0,89.33514207593099,0.8509621515862413,4.131549943958236,1,228.2052817958355,Medium,Medium,1
Phosphide,Mo,8.335551722745514,30.0,68.46472601656814,0.6566095859371717,4.646252209693707,1,178.2167134822652,Medium,Low,2
Phosphide,Mo,1.350208055828531,78.0,216.5429247794945,0.8008435316238447,3.184213555509074,0,258.0,High,High,1
Phosphide,Mo,7.059935084401569,46.0,84.03639053534226,0.8440867831615412,4.128450242469635,1,232.2405533838344,Medium,Medium,1
Phosphide,Mo,4.553453487203464,47.0,127.4639035871595,0.3886919809765305,1.213045561015452,0,106.1846952579803,Low,Medium,2
Phosphide,Mo,1.14077208643968,77.0,215.629495768648,0.7694594016775692,3.257626931417929,0,262.0,High,High,1
Phosphide,Mo,9.454372187964552,72.0,187.3317937583045,0.1438676138275033,2.361072521667865,0,137.4909442546995,Low,High,1
Phosphide,Mo,8.917833591999248,32.0,69.98259310777308,0.6757519362330809,4.846539449347567,1,180.8426586275137,Medium,Low,2
Phosphide,Mo,1.287763319475378,76.0,214.8373003374125,0.7768516098200484,3.121053768024545,0,254.0,High,High,1
Phosphide,Mo,1.323924729665558,78.0,219.7454936045545,0.768879249253303,3.248914170763445,0,254.0,High,High,1
Phosphide,Mo,8.8,31.0,67.53,0.65672,4.72,1,179.71,Medium,Low,2
Phosphide,Mo,1.33930685749864,65.0,169.6338632801615,0.735941956045471,3.710608529461449,1,176.9039265095917,Medium,High,1
Phosphide,Mo,1.509831807242498,71.0,135.5332985612319,0.2961903072360013,3.30811943394705,1,123.9885302710621,Low,Medium,2
Phosphide,Mo,8.870739545972127,32.0,61.60418309333417,0.6519350869127466,4.70976612726631,1,178.8759455570556,Medium,Low,2
Phosphide,Mo,1.864625822145322,65.0,167.8907667994229,0.7348118070173915,4.017853451187902,1,175.5631647198072,Medium,High,1
Phosphide,Mo,1.71051640559797,66.0,165.8502060100465,0.7008339688294051,3.952384718882977,1,175.6227170296408,Medium,High,1
Phosphide,Mo,5.027024743792637,48.0,124.1990760029416,0.3939928430988664,1.195172958880545,0,98.57158037323164,Low,Medium,2
Phosphide,Mo,1.345519139906655,77.0,219.4826223894827,0.7650218974772822,3.137652093199178,0,257.0,High,High,1
Phosphide,Mo,1.056325174374994,78.0,217.5744862228248,0.788336970065572,3.291363510516088,0,257.0,High,High,1
Phosphide,Mo,11.54636767880088,83.0,197.8940722368007,0.3769801673757314,8.264620443562512,0,154.2988432092259,Medium,High,1
Phosphide,Mo,6.0,97.0,68.42475543868342,0.6852036390849062,7.455906581269263,1,216.4703105570448,Medium,Low,2
Phosphide,Mo,6.364761712451996,44.0,82.19136553663765,0.8491346471712232,4.186694709277032,1,225.3245250953971,Medium,Medium,1
Phosphide,Mo,6.931450896737064,44.0,81.36896009145639,0.8154645129021367,4.241029338139145,1,228.2220516672963,Medium,Medium,1
Phosphide,Mo,6.0,98.0,60.33495841644923,0.6846724004021888,7.390794498479366,1,209.6872630014806,Medium,Low,2
Phosphide,Mo,6.0,97.0,65.26684449424563,0.6663969434621476,7.458699602021132,1,212.9900349464066,Medium,Low,2
Phosphide,Mo,6.0,99.0,70.36870130160092,0.7019064774249522,7.698156744023338,1,214.6069619742228,Medium,Low,2
Phosphide,Mo,1.682984337931597,74.0,138.0499357512613,0.2859662672517865,3.436479518613282,1,124.805028360576,Low,Medium,2
Phosphide,Mo,6.0,99.0,67.30926393823951,0.7186635018758655,7.721296149498886,1,212.2260034941169,Medium,Low,2
Phosphide,Mo,12.33608342858702,85.0,200.1064165245563,0.391106791270218,8.206588010707991,0,159.8325736199239,Medium,High,1
Phosphide,Mo,1.343426676855665,75.0,216.1799935914732,0.7766447834721468,3.141753311485076,0,262.0,High,High,1
Phosphide,Mo,12.16694265429886,85.0,196.6410893748182,0.3455096575425937,8.097316143749037,0,158.4189093036526,Medium,High,1
Phosphide,Mo,6.0,98.0,56.74276053888273,0.696340633252241,7.678808786865655,1,211.1844016657348,Medium,Low,2
Phosphide,Mo,9.748358672415344,71.0,189.9091269399577,0.1532029371235203,2.395355722423749,0,134.9848021281658,Low,High,1
Phosphide,Mo,1.734837148011788,64.0,170.199525738201,0.7003967137338336,3.735304935847961,1,174.4537475153412,Medium,High,1
Phosphide,Mo,6.650526510532709,44.0,81.65845275712842,0.8392959668425878,4.275839429438949,1,230.5046764664175,Medium,Medium,1
Phosphide,Mo,6.57707416600835,45.0,81.77746022056252,0.8448792724150028,4.081423194681944,1,229.763855859126,Medium,Medium,1
Phosphide,Mo,1.288924983563555,66.0,166.0367713889833,0.6874501213230728,3.914504644710925,1,170.1771696051375,Medium,High,1
Phosphide,Mo,1.542554868611444,73.0,141.740253648698,0.2759531491621662,3.243880683654634,1,121.2389178858986,Low,Medium,2
Phosphide,Mo,4.947574375233815,45.0,122.2145501107352,0.3681090318208835,1.363808094858992,0,104.0886375805924,Low,Medium,2
Phosphide,Mo,6.0,99.0,62.46386334210048,0.7031883687295555,7.664265155594471,1,213.3187109727375,Medium,Low,2
Phosphide,Mo,4.630903684721256,47.0,118.8989655527281,0.3943530981445762,1.133567414515132,0,99.83451688070734,Low,Medium,2
Phosphide,Mo,9.571306215786686,70.0,191.4273919363998,0.1436462037124016,2.433572535216659,0,146.4172777795957,Low,High,1
Phosphide,Mo,12.22213471350155,85.0,195.9245990900912,0.3675392184018134,8.180755570831467,0,153.910397499164,Medium,High,1
Phosphide,Mo,6.0,98.0,63.80548008578619,0.6888487810102365,7.491956381993421,1,209.2392243934477,Medium,Low,2
Phosphide,Mo,6.0,98.0,63.23212374702923,0.7132507751271645,7.710957579963825,1,213.6759626822419,Medium,Low,2
Phosphide,Mo,1.413562551928243,77.0,219.5225027257976,0.7745243544190081,3.008391758878837,0,254.0,High,High,1
Phosphide,Mo,6.0,97.0,64.61999344822539,0.7031760959965608,7.587338580462152,1,215.3495086976387,Medium,Low,2
Phosphide,Mo,9.792710719231966,72.0,189.8182227043824,0.159725935098322,2.204248501328342,0,133.5923817945368,Low,High,1
Phosphide,Mo,9.741468723021432,72.0,186.6862049125909,0.1450939706563178,2.515333453319089,0,137.7102798563894,Low,High,1
Phosphide,Mo,5.19458300563914,45.0,123.1533969112506,0.3707407890665371,1.259950673978198,0,102.2847720443439,Low,Medium,2
Phosphide,Mo,4.9,46.0,121.72,0.38982,1.24,0,101.39,Low,Medium,2
Phosphide,Mo,1.372343056842439,67.0,166.1242897349975,0.703057068222973,3.827733892162146,1,174.5330484831125,Medium,High,1
Phosphide,Mo,6.624497014911157,44.0,85.39064384255981,0.838347590902474,4.099941654525684,1,227.422035191518,Medium,Medium,1
Phosphide,Mo,6.0,98.0,64.53563589239396,0.6631621813899848,7.518917788048131,1,210.4490484993441,Medium,Low,2
Phosphide,Mo,9.482969546089803,68.0,194.0397955392879,0.1470809881241158,2.502145400202137,0,137.7686742984868,Low,High,1
Phosphide,Mo,12.14176019958026,83.0,201.6794395683137,0.396556518085984,8.213367561044063,0,160.5333947103904,Medium,High,1
Phosphide,Mo,1.385397495314609,66.0,175.5789296205155,0.7275951191315088,3.789523155065551,1,170.9879471945495,Medium,High,1
Phosphide,Mo,6.56133916818512,43.0,82.73910266134847,0.815108425955129,4.045706120916313,1,225.758015406042,Medium,Medium,1
Phosphide,Mo,1.30995269108714,75.0,219.0187169950445,0.7703506241507465,3.461221852770763,0,258.0,High,High,1
Phosphide,Mo,6.0,100.0,58.89675675921658,0.6702434304246514,7.6892257084605,1,211.0621528025669,Medium,Low,2
Phosphide,Mo,11.94245743199163,85.0,197.419919869633,0.3659847054628808,8.329831991386369,0,158.9148878167657,Medium,High,1
Phosphide,Mo,6.75385886392881,46.0,92.15443379612115,0.8261777013930534,4.11337438886694,1,227.0920818900731,Medium,Medium,1
Phosphide,Mo,6.0,100.0,63.47369538206101,0.6735436431299628,7.613119201656479,1,211.8130765881947,Medium,Low,2
Phosphide,Mo,8.97038857327431,30.0,66.35784159169302,0.6494863550773662,4.640922713110217,1,179.7819577629152,Medium,Low,2
Phosphide,Mo,9.656914585550538,70.0,185.2542991141381,0.1510008157708298,2.418630550279271,0,139.1953650036909,Low,High,1
Phosphide,Mo,6.0,98.0,62.54814281601536,0.6817566946502254,7.905638618919128,1,210.1315310190909,Medium,Low,2
Phosphide,Mo,9.451102523531492,71.0,185.4255507477547,0.1773764542405194,2.459737726163615,0,140.2349359307518,Low,High,1
Phosphide,Mo,1.246004621443376,73.0,132.6233554263119,0.2804643135787568,3.292232698226223,1,124.494127592409,Low,Medium,2
Phosphide,Mo,6.0,98.0,59.72268527843983,0.7022872709329312,7.685292342354701,1,209.4805861340117,Medium,Low,2
Phosphide,Mo,6.0,100.0,63.03857600140847,0.6864726458064874,7.904716526033008,1,213.334035195518,Medium,Low,2
Phosphide,Mo,1.651272212180867,73.0,134.4856706098597,0.2732243604390412,3.41532676684311,1,115.8233457334884,Low,Medium,2
Phosphide,Mo,1.347224760240056,78.0,216.4151294747686,0.7595585837188696,3.155591916475134,0,260.0,High,High,1
Phosphide,Mo,6.42801188511959,45.0,83.04157378608782,0.8264332841403826,3.994207818012645,1,229.2744532070158,Medium,Medium,1
Phosphide,Mo,5.114716411727228,45.0,121.4974458771672,0.3830989158046309,1.148658783066953,0,104.1450300362407,Low,Medium,2
Phosphide,Mo,6.0,100.0,63.48037791023188,0.7016563679196383,7.536133033651215,1,211.7491725994774,Medium,Low,2
Phosphide,Mo,6.0,98.0,66.06270596514169,0.7051385462406143,7.867282845178159,1,213.8826624876263,Medium,Low,2
Phosphide,Mo,6.0,99.0,66.07694857014219,0.6804986358222092,7.627296913900055,1,214.3784823595501,Medium,Low,2
Phosphide,Mo,9.856065462536073,72.0,185.4522125881415,0.1586467969921554,2.471949425800281,0,135.189632959791,Low,High,1
Phosphide,Mo,4.922045655858217,47.0,127.4766849393295,0.3761995925129512,1.177434964293834,0,101.8453776269405,Low,Medium,2
Phosphide,Mo,8.536204822541238,32.0,66.13624527930436,0.6351662085467712,4.689871646048196,1,178.1858096340283,Medium,Low,2
Phosphide,Mo,4.640383942761751,45.0,119.9027329636729,0.3761461549241918,1.266215751302514,0,105.0333912066329,Low,Medium,2
Phosphide,Mo,1.661472689817844,65.0,166.6391905781503,0.7187891464093843,3.906966706265232,1,172.033320650394,Medium,High,1
Phosphide,Mo,9.676545103928923,72.0,189.6495867322843,0.1277057649971417,2.227019705136063,0,129.6209546297049,Low,High,1
Phosphide,Mo,8.677497830192133,32.0,64.88756263347753,0.6392660854231341,4.689150954959109,1,186.5343127673652,Medium,Low,2
Phosphide,Mo,1.43121228826579,74.0,219.9073866364674,0.788374995853052,3.061618502513065,0,251.0,High,High,1
Phosphide,Mo,9.467753468309228,71.0,191.0622334966605,0.1713645056404666,2.214541682515359,0,135.429380030647,Low,High,1
Phosphide,Mo,1.835370773944481,66.0,170.7911780292529,0.708401484062443,3.800900135925855,1,176.5029597859593,Medium,High,1
Phosphide,Mo,9.23113116899398,70.0,190.7700935626798,0.1414778237152259,2.41867818008324,0,139.2568351044059,Low,High,1
Phosphide,Mo,1.710941674225638,73.0,136.06553792065,0.2821596094765918,3.292707556595424,1,123.1926981716184,Low,Medium,2
Phosphide,Mo,12.37707049277737,85.0,204.7974253492871,0.3678035923989323,8.2799014823306,0,161.7666692064619,Medium,High,1
Phosphide,Mo,9.07079842976662,30.0,62.98233292405553,0.6652208485421431,4.65050961397396,1,184.483499719478,Medium,Low,2
Phosphide,Mo,1.725115664704146,73.0,138.1850132548207,0.2701740825965621,3.466658630747566,1,115.305381500043,Low,Medium,2
Phosphide,Mo,6.895551606446101,44.0,87.40387980962133,0.8340679968212195,4.229732523011492,1,224.1824312053876,Medium,Medium,1
Phosphide,Mo,1.645803211767717,65.0,164.8561635417828,0.7078825454417238,3.910592042457652,1,171.4652992236626,Medium,High,1
Phosphide,Mo,0.9396686186350318,77.0,224.6330630829458,0.7659898064337055,3.150225771102258,0,257.0,High,High,1
Phosphide,Mo,1.59345055921409,66.0,168.9559533305063,0.7116416046312322,3.97962236152091,1,176.808187693056,Medium,High,1
Phosphide,Mo,12.13353232162574,84.0,200.2219596350906,0.3633840712808122,8.35313529720465,0,159.6343646110736,Medium,High,1
Phosphide,Mo,1.605917683320914,67.0,169.1533337264248,0.7053376194426397,3.839950222452719,1,172.9776885818179,Medium,High,1
Phosphide,Mo,6.93796503205021,44.0,83.26064451347075,0.866611198036451,4.085564302537156,1,227.0687074438986,Medium,Medium,1
Phosphide,Mo,1.585047960127644,73.0,130.5513246692739,0.281220351215496,3.439075118622893,1,123.5718876890528,Low,Medium,2
Phosphide,Mo,9.596722129579112,71.0,190.6567835370085,0.1648050993032559,2.249851338951285,0,138.5853350190596,Low,High,1
Phosphide,Mo,1.567004700053418,66.0,173.747158194553,0.6922916286660556,3.691717356318883,1,174.1815057527339,Medium,High,1
Phosphide,Mo,6.7,44.0,84.6,0.83814,4.17,1,227.97,Medium,Medium,1
Phosphide,Mo,8.539844053963888,28.0,65.58749122059038,0.6694955827443552,4.728641928567748,1,182.736704089362,Medium,Low,2
Phosphide,Mo,4.912843024231399,44.0,123.7996991728049,0.392681970717159,1.096929739969359,0,95.74552678133809,Low,Medium,2
Phosphide,Mo,4.98995416400356,47.0,117.9846639154679,0.3846613538748084,1.002483290280943,0,105.1513988090609,Low,Medium,2
Phosphide,Mo,5.035178073886074,46.0,118.244044877323,0.3950343302900244,1.1083703766498,0,99.20514466030777,Low,Medium,2
Phosphide,Mo,4.732045429134485,47.0,119.3623593925076,0.3891500291409653,1.230340426176276,0,100.4645472076445,Low,Medium,2
Phosphide,Mo,6.0,97.0,66.59642310501935,0.7059355458515859,7.627428085426957,1,207.6821996612995,Medium,Low,2
Phosphide,Mo,6.0,98.0,63.94766521111715,0.6748645703018683,7.881915667494761,1,210.9896047394222,Medium,Low,2
Phosphide,Mo,1.095341652059569,77.0,219.2292733960986,0.7991648986298567,3.242331507588234,0,253.0,High,High,1
Phosphide,Mo,1.289688976217874,77.0,216.2015089242704,0.7845671990652962,2.928615646467224,0,254.0,High,High,1
Phosphide,Mo,9.827619275619966,69.0,186.8788631013436,0.1330000140001046,2.16781436598301,0,138.0521499039698,Low,High,1
Phosphide,Mo,4.780740935034773,47.0,119.7036087637317,0.3851684375180675,1.389176151289224,0,100.2230080204816,Low,Medium,2
Phosphide,Mo,5.104152676876041,46.0,123.6435512071377,0.3932457078423273,1.337974007606903,0,104.494827912024,Low,Medium,2
Phosphide,Mo,12.32875673293207,85.0,193.7333621816447,0.3628315205113624,8.415003387837825,0,151.3894888535489,Medium,High,1
Phosphide,Mo,5.024174719165669,45.0,124.5759403129843,0.4055181580102316,1.089369719744746,0,100.6591847034039,Low,Medium,2
Phosphide,Mo,6.0,98.0,64.07037626552095,0.7025529834579636,7.616481602014701,1,213.0603718032063,Medium,Low,2
Phosphide,Mo,12.1925504178501,83.0,201.2823434990014,0.3431911289686556,8.465145973312325,0,157.9791367505112,Medium,High,1
Phosphide,Mo,6.70713293558887,44.0,89.60767793903803,0.8403963165853244,4.10004187067763,1,224.263142966195,Medium,Medium,1
Phosphide,Mo,9.849453007634564,74.0,188.0790454553512,0.1393870770194835,2.357555110770032,0,136.2172570947475,Low,High,1
Phosphide,Mo,1.270918488224718,77.0,217.964523381188,0.7786207262632597,3.108194485841568,0,252.0,High,High,1
Phosphide,Mo,6.0,98.0,64.34289648392665,0.6706820386439889,7.546101470593428,1,213.0997260015971,Medium,Low,2
Phosphide,Mo,6.0,100.0,63.23135127779199,0.7059736295611448,7.691053293934926,1,214.059896006349,Medium,Low,2
Phosphide,Mo,0.977731176403297,78.0,220.7094091836923,0.7783450330657442,3.308884235699812,0,250.0,High,High,1
Phosphide,Mo,4.781219112345057,47.0,121.184691488537,0.4139788447935243,1.527139682750231,0,103.0037427604356,Low,Medium,2
Phosphide,Mo,1.715658805987817,65.0,168.7246486006689,0.7210447534474106,3.781375096501487,1,177.0870728214767,Medium,High,1
Phosphide,Mo,9.89985412261373,72.0,184.8297468404052,0.1347169726366398,2.427784385698535,0,138.55586304082,Low,High,1
Phosphide,Mo,5.013646711539335,48.0,125.871846739461,0.3913010331404125,1.308306697844109,0,100.0305447565672,Low,Medium,2
Phosphide,Mo,6.79500799431717,44.0,88.4928756112802,0.826425774104302,4.19989373722977,1,226.822650833776,Medium,Medium,1
Phosphide,Mo,4.701805282048446,47.0,126.0621143735977,0.3855847833238712,1.220264601965564,0,101.1323380021987,Low,Medium,2
Phosphide,Mo,8.79449790840387,31.0,67.08723533735949,0.6667769182079128,4.69055258836903,1,183.6027967831415,Medium,Low,2
Phosphide,Mo,6.0,97.0,66.80427859408758,0.7103259809642597,7.600686614292573,1,214.11567323501,Medium,Low,2
Phosphide,Mo,2.022340723083683,73.0,137.6775022239873,0.2603398793665483,3.447354783631465,1,121.587789537018,Low,Medium,2
Phosphide,Mo,1.709933772077471,66.0,171.7404559965535,0.7194599346549484,3.957265549734209,1,172.149460040948,Medium,High,1
Phosphide,Mo,6.573593682114989,43.0,83.677682619003,0.8402895945494111,4.106129847923937,1,228.7155365952444,Medium,Medium,1
Phosphide,Mo,6.757984126439788,43.0,78.74989888448206,0.824504190752029,4.231442453651481,1,227.5532716153674,Medium,Low,2
Phosphide,Mo,5.037693736976257,46.0,122.4686072648233,0.378247098477431,1.318450523656279,0,105.1183361578198,Low,Medium,2
Phosphide,Mo,4.788034236600558,46.0,120.6218632519231,0.3735368368681009,1.340733826182356,0,105.2234250574704,Low,Medium,2
Phosphide,Mo,4.695820628961632,45.0,121.7423493741138,0.3966815462090057,1.180864851337968,0,101.64315442083,Low,Medium,2
Phosphide,Mo,1.139269224978198,72.0,132.5064762353842,0.2876098362762977,3.530976677982649,1,119.5180475235076,Low,Medium,2
Phosphide,Mo,1.531255536666436,77.0,214.5290538797437,0.7726892687189554,3.101987250413774,0,256.0,High,High,1
Phosphide,Mo,8.908857643809865,31.0,66.1364637406804,0.6668856746924458,4.806221690963465,1,180.2922631256675,Medium,Low,2
Phosphide,Mo,1.5,73.0,135.14,0.28026,3.33,1,120.91,Low,Medium,2
Phosphide,Mo,1.719573623243364,66.0,166.5425603582833,0.7206807416032446,3.818982032981568,1,176.208407117363,Medium,High,1
Phosphide,Mo,8.651204935136517,30.0,65.9817152290562,0.65677209171729,4.570759188486544,1,179.034533651315,Medium,Low,2
Phosphide,Mo,9.803527085949954,69.0,189.7310424450995,0.1645754719401993,2.495806807463061,0,140.1428198837671,Low,High,1
Phosphide,Mo,6.532292146465763,44.0,80.4672091589661,0.8211985946347139,4.202563212754472,1,230.6298927491211,Medium,Medium,1
Phosphide,Mo,8.965075962463832,32.0,73.54326473583077,0.6530040072862181,4.822789380631627,1,182.7744628121318,Medium,Low,2
Phosphide,Mo,5.172180482773193,48.0,119.8547867890376,0.3891252812210712,1.31462386823355,0,107.4424660582721,Low,Medium,2
Phosphide,Mo,2.071081113183711,72.0,137.8582983676558,0.2806885838722963,3.437838619101147,1,124.72430953194,Low,Medium,2
Phosphide,Mo,12.22977973011007,84.0,195.8618255417927,0.3647063410721846,8.252798084935412,0,158.9237033810081,Medium,High,1
Phosphide,Mo,1.725804273767099,73.0,130.5274381590885,0.2821208264810116,3.331949249813683,1,119.8699228464472,Low,Medium,2
Phosphide,Mo,11.84440612384057,84.0,200.8007159093257,0.3718017294121499,8.071786156626308,0,158.6320995951404,Medium,High,1
Phosphide,Mo,1.630752550454712,66.0,171.8127796329097,0.694455478812826,3.495646061933932,1,179.3831248809468,Medium,High,1
Phosphide,Mo,1.195460535807574,71.0,144.3081691179425,0.2951009908477544,3.357758732889877,1,119.2684469226729,Low,Medium,2
Phosphide,Mo,1.305178778205087,76.0,214.8145825322586,0.7897276098660924,2.967509962090414,0,250.0,High,High,1
Phosphide,Mo,4.711853231231753,46.0,123.5980779713878,0.3858437984381998,1.353451499084732,0,99.51635367293716,Low,Medium,2
Phosphide,Mo,8.606702106184299,31.0,63.93633731771976,0.6847743451483931,4.807201785725562,1,187.1258367993345,Medium,Low,2
Phosphide,Mo,6.807335891435908,45.0,84.6697190802399,0.8372171391709863,4.104274328378311,1,224.6794596270966,Medium,Medium,1
Phosphide,Mo,9.914046890859542,71.0,190.2513321921713,0.1584798089802762,2.439384084560163,0,139.2580752786898,Low,High,1
Phosphide,Mo,1.2800067153341,79.0,218.6484574063801,0.769330641783157,3.179102314090687,0,259.0,High,High,1
Phosphide,Mo,1.464348134270757,77.0,224.8410150892468,0.7717303401184494,3.165852318479047,0,255.0,High,High,1
Phosphide,Mo,6.0,99.0,63.31956204654089,0.6945778999126166,7.678970182681705,1,214.8266875277339,Medium,Low,2
Phosphide,Mo,6.694149144415896,46.0,82.77621921288204,0.8311426554219524,3.974246095565103,1,229.3342011548218,Medium,Medium,1
Phosphide,Mo,4.992358631251398,45.0,126.5595610719998,0.3890300587518868,1.376841508787119,0,97.90404684741765,Low,Medium,2
Phosphide,Mo,4.927147698058628,46.0,117.9283492987243,0.356995213247412,1.265915590335005,0,100.7091087047927,Low,Medium,2
Phosphide,Mo,8.967107709558936,32.0,68.3321644399554,0.6391347448184215,4.596449738084276,1,181.3669858196163,Medium,Low,2
Phosphide,Mo,5.04397131927772,47.0,118.9196628370248,0.4101958988765889,1.248789108869792,0,101.1713538100487,Low,Medium,2
Phosphide,Mo,4.596056824104675,45.0,119.9363930203347,0.36397611615645,1.338997601552478,0,95.49805440864546,Low,Medium,2
Phosphide,Mo,1.34987107619409,79.0,216.9982855607165,0.777184245970006,3.119039244556561,0,254.0,High,High,1
Phosphide,Mo,4.79633257142464,46.0,122.0543988710352,0.3910652627157755,1.259487546275183,0,102.4525657719751,Low,Medium,2
Phosphide,Mo,12.31160253292029,85.0,202.3071686928516,0.3509059039655071,8.24814322694124,0,153.4035745393512,Medium,High,1
Phosphide,Mo,9.7,71.0,188.92,0.15241,2.38,0,138.12,Low,High,1
Phosphide,Mo,9.403050385813602,72.0,190.1883914236496,0.1568854680989062,2.246855183403991,0,137.4615015958715,Low,High,1
Phosphide,Mo,9.507227152319826,69.0,184.511428096102,0.1729664854887833,2.118134543340145,0,144.0906953145424,Low,High,1
Phosphide,Mo,11.93626590982409,85.0,195.1850341912701,0.361283496364932,8.12029352668927,0,157.9187137842071,Medium,High,1
Phosphide,Mo,1.716242595352955,67.0,165.4005760874679,0.7461483042513228,3.743417438685076,1,177.9538076288861,Medium,High,1
Phosphide,Mo,4.89564505360619,48.0,127.5840249004765,0.3964633645309247,1.230010953807948,0,102.2992845177745,Low,Medium,2
Phosphide,Mo,9.327835793676758,31.0,68.32391981502273,0.6290671256343212,4.850582793025671,1,178.0202154661399,Medium,Low,2
Phosphide,Mo,9.451434512039308,73.0,187.7090111237844,0.1308075214743213,2.465606101650505,0,139.1545305919174,Low,High,1
Phosphide,Mo,1.663809879640155,63.0,168.7365579532113,0.7108630948024498,3.632205551535152,1,175.4025001876115,Medium,High,1
Phosphide,Mo,8.389248094778171,31.0,70.51573223870125,0.6551224458825462,4.765326699926115,1,183.2972276313511,Medium,Low,2
Phosphide,Mo,9.15380417069999,30.0,67.56152145177047,0.6814632238203268,4.897651865541706,1,180.6162118252219,Medium,Low,2
Phosphide,Mo,1.629493373168458,74.0,132.0782391309622,0.2627969253580896,3.400794553580047,1,124.3082614031194,Low,Medium,2
Phosphide,Mo,6.468560740005437,45.0,87.89114380467991,0.816353991384664,4.251663925226724,1,227.9709125701269,Medium,Medium,1
Phosphide,Mo,6.0,97.0,64.33875236358747,0.6891243600023199,7.724875200829938,1,212.1127926775104,Medium,Low,2
Phosphide,Mo,6.44188965752546,44.0,86.28268149552684,0.8350519723939549,4.400931465765209,1,225.1945050675362,Medium,Medium,1
Phosphide,Mo,6.832059872399679,42.0,79.06045521148174,0.8377302785106568,4.302409794509845,1,221.9966871875901,Medium,Low,2
Phosphide,Mo,1.671354051307439,67.0,168.8617155208841,0.7071856198411961,3.816231506985357,1,177.9857784934623,Medium,High,1
Phosphide,Mo,8.649531879370699,30.0,64.49859297234259,0.6508402799889933,4.818485001828735,1,178.5394727690889,Medium,Low,2
Phosphide,Mo,0.8252011053336443,34.96669367249276,63.65614791363397,0.0407832092790898,3.533272258120201,1,60.66414500395279,Low,Low,3
Phosphide,Mo,0.6941375733415345,39.29368718695492,59.94387166798224,0.0603932464722114,3.608978737573614,1,61.03021199275276,Low,Low,3
Phosphide,Mo,0.6341921849538896,38.34020431178486,72.85084370127079,0.4646915687826499,0.9386838677249316,0,124.9824259410616,Low,Low,3
Phosphide,Mo,0.9872632140945374,39.58455616816528,62.69165920866217,0.0465502901696266,3.692476930523265,1,60.59125924571073,Low,Low,3
Phosphide,Mo,0.6452726436650021,32.22451315769761,38.97,0.19456,3.45,0,96.43,Low,Low,3
Phosphide,Mo,0.7916705575978715,37.99115233930422,62.18449674833687,0.0650692775703221,3.574002761869754,1,63.23732898303505,Low,Low,3
Phosphide,Mo,0.9453804483129511,37.64648319111299,37.0588960990188,0.1839004974839763,3.400503135356679,0,92.00944117319088,Low,Low,3
Phosphide,Mo,0.5780606713027645,35.46761929571983,67.61182699665773,0.4916104661634993,0.68102330634131,0,125.1927825556696,Low,Low,3
Phosphide,Mo,0.977895283457516,35.14198438592176,70.65640535647039,0.4784448082568012,0.9242004047055232,0,122.3846899074128,Low,Low,3
Phosphide,Mo,0.9278681961729072,35.47778125009868,58.56162891611003,0.0347377031139267,3.480092552444435,1,60.70306970472733,Low,Low,3
Phosphide,Mo,0.8280618166303484,38.94928772981777,43.88256218550109,0.1722186650159078,3.42165731302917,0,99.18174984801684,Low,Low,3
Phosphide,Mo,0.7609301493460573,35.4172510058079,63.68921111763257,0.0462227728478036,3.82726240076901,1,62.22515006273279,Low,Low,3
Phosphide,Mo,0.770202295378821,34.4224908876713,75.87246685830628,0.4838979364099517,0.7174011134053525,0,116.1310742933646,Low,Low,3
Phosphide,Mo,0.5759046232702595,32.52242746570303,72.76466031810935,0.488139775101133,0.5380962971136883,0,119.3770517721637,Low,Low,3
Phosphide,Mo,0.8008544866660016,30.15436558565473,76.47788531222076,0.4845808386061641,0.8088345251144098,0,119.8341912115332,Low,Low,3
Phosphide,Mo,0.5499473405639956,35.7466020264709,74.78038963388568,0.4739405399614064,0.6882229529711544,0,119.2514409778874,Low,Low,3
Phosphide,Mo,0.6147690177330187,34.53708542484904,61.39901957279609,0.0183724741537254,3.868709065475424,1,57.96263482873169,Low,Low,3
Phosphide,Mo,0.5881802649483838,35.91587458970996,37.8489885384734,0.1969268810388462,3.497145116364918,0,93.08167830105278,Low,Low,3
Phosphide,Mo,0.9513423791393928,31.07298669713391,64.73082439162022,0.0525190291529831,3.550101704643465,1,62.46552645097606,Low,Low,3
Phosphide,Mo,0.9407244660239797,35.86919406035491,55.28076070196938,0.0295501703282529,3.74220600320168,1,64.58799888074871,Low,Low,3
Phosphide,Mo,0.7232244552588248,35.21798854785355,35.21419356820122,0.2143464774050293,3.60544985745307,0,99.8322393403318,Low,Low,3
Phosphide,Mo,0.7837732832083697,39.89994403465899,64.27611113987884,0.0384849884205444,3.735539841522353,1,60.69140069131485,Low,Low,3
Phosphide,Mo,0.8339242435132546,34.9834056827762,71.8652534025973,0.4581671271019872,0.4402584848284885,0,116.4270820581163,Low,Low,3
Phosphide,Mo,0.9412007251875589,32.53732443375652,45.87961228997293,0.1610853211145757,3.496371561868993,0,99.89464890398868,Low,Low,3
Phosphide,Mo,0.9748081840295326,32.46479655887597,67.43015882893683,0.0383693256961431,3.659771410727523,1,58.45611259407895,Low,Low,3
Phosphide,Mo,0.53581630140879,35.63745019165971,62.50808877416077,0.0678917472162853,3.772739043117266,1,64.88636840166319,Low,Low,3
Phosphide,Mo,0.8382502795949075,33.35853402957121,65.32858388355864,0.0421371953533313,3.421585392535799,1,63.99070247275458,Low,Low,3
Phosphide,Mo,0.8923660898087238,31.13803845811718,74.32712311854193,0.494776427963353,0.760012324877001,0,117.9518593016446,Low,Low,3
Phosphide,Mo,0.644160211382788,33.90147524865519,60.61998571556603,0.0430303493952022,3.62739225918694,1,55.83343869629589,Low,Low,3
Phosphide,Mo,0.8168229011191379,36.13727176544398,76.02155830254901,0.4715778111691305,0.4719497789869694,0,116.1785922010358,Low,Low,3
Phosphide,Mo,0.753897782146965,30.28549508248277,35.52889506211225,0.2123788793510183,3.566836982869936,0,97.89588458331112,Low,Low,3
Phosphide,Mo,0.9971453878835157,34.76611018367777,61.27518518666596,0.0356265150756452,3.722701519586343,1,64.45427527374596,Low,Low,3
Phosphide,Mo,0.7582792972987495,35.97499122308529,74.24578722468911,0.4598622633543847,0.8150459839131303,0,122.5548982589215,Low,Low,3
Phosphide,Mo,0.5222264262147065,37.82908437185655,34.96775187517707,0.2022243795818774,3.564040097020953,0,95.03979932114318,Low,Low,3
Phosphide,Mo,0.5227259051724882,38.92950932333672,71.4,0.47288,0.71,0,120.73,Low,Low,3
Phosphide,Mo,0.7384815220451983,36.55837812840188,70.3988242232413,0.4622795083458801,0.732578746175651,0,114.9674977775458,Low,Low,3
Phosphide,Mo,0.6921448622817351,31.21389850654045,44.25608925346189,0.2004124154830517,3.421375273010292,0,95.90526112159792,Low,Low,3
Phosphide,Mo,0.5520407801127839,39.37003535005003,74.11843261670711,0.4741770621465171,0.7118965193122028,0,121.0060193494542,Low,Low,3
Phosphide,Mo,0.8271885089894593,39.7917896787526,44.54045094173915,0.2050699358648506,3.408600342962519,0,102.3725465425797,Low,Low,3
Phosphide,Mo,0.9692766391947758,34.6284067012474,42.74325335837968,0.195414211860993,3.298739220433502,0,96.06186328939508,Low,Low,3
Phosphide,Mo,0.5748621171020083,38.56279829749595,72.05791697676165,0.4724042469489513,0.6524720273474585,0,117.2952978195742,Low,Low,3
Phosphide,Mo,0.6231115154419408,36.11568962721023,37.85962680714501,0.2007949690969372,3.550648226780833,0,93.96085943227496,Low,Low,3
Phosphide,Mo,0.5573014527591522,32.74128130168898,42.54927432108865,0.1831897568699739,3.445521981889025,0,96.71518621504352,Low,Low,3
Phosphide,Mo,0.996948131161016,37.09031975500898,64.99789981917215,0.0428788929045599,3.57214425419986,1,61.38018396658519,Low,Low,3
Phosphide,Mo,0.7631030502859613,30.27356849550911,37.11718465033434,0.1962168784765399,3.387173919774487,0,93.27214970464227,Low,Low,3
Phosphide,Mo,0.9059151878119986,36.48953620328264,39.62460384231181,0.2013345716868304,3.638388622461286,0,100.228797251384,Low,Low,3
Phosphide,Mo,0.9082913919574411,37.59292407275856,64.30344286377064,0.4559448291026218,0.7168472665402895,0,117.9002535292793,Low,Low,3
Phosphide,Mo,0.8387113749377128,35.80612419130716,61.57560130796979,0.0424640212854184,3.5317446001518,1,61.66379088418704,Low,Low,3
Phosphide,Mo,0.9098331209670729,38.10833598114259,74.17735088808575,0.4716588075868152,0.8864292324870229,0,124.899677206726,Low,Low,3
Phosphide,Mo,0.6964109659484009,32.3413848062231,68.56134507293676,0.4614047804394362,0.7695644627703611,0,122.9714467765137,Low,Low,3
Phosphide,Mo,0.5903569743579099,34.46125502615985,64.79647219125563,0.0287498910988218,3.801612113179276,1,60.3986249328116,Low,Low,3
Phosphide,Mo,0.9264530845208867,38.58543970305868,56.06264409906455,0.0762453887178109,3.679810717800389,1,64.36753835571066,Low,Low,3
Phosphide,Mo,0.901067665673623,37.95989500390983,38.26108605443589,0.2319551823021017,3.634996506332971,0,96.5351053479186,Low,Low,3
Phosphide,Mo,0.7360194331687896,34.71010086270868,61.60715944694343,0.045972592649129,3.601792395057414,1,60.55379630981064,Low,Low,3
Phosphide,Mo,0.8647193637582054,33.72452983060233,61.3308810975558,0.0327885472128335,3.459126517322536,1,66.52277660005086,Low,Low,3
Phosphide,Mo,0.7694427916687392,38.09124639614525,63.91895576760055,0.0581204532713837,3.65101421748314,1,66.47399525867647,Low,Low,3
Phosphide,Mo,0.8800017652340844,33.32160899264105,60.42340866902584,0.0457041669761771,3.593873985140727,1,62.49838261288949,Low,Low,3
Phosphide,Mo,0.7304299431453227,33.4051850060365,35.03047524933553,0.1964896118810643,3.451431565598833,0,96.88135322937954,Low,Low,3
Phosphide,Mo,0.9204331895849217,30.64435118874398,40.89567982351127,0.1838066360459388,3.343539559945199,0,95.85630913344274,Low,Low,3
Phosphide,Mo,0.750220285282039,34.97956508895336,36.92737849441648,0.2024809531425769,3.456056185377148,0,97.42750004627015,Low,Low,3
Phosphide,Mo,0.8214065200217746,30.00135075016672,37.45501486809049,0.1746690697285036,3.459746347142784,0,91.98134982395774,Low,Low,3
Phosphide,Mo,0.6113960086693403,32.16184174171556,44.77254792416067,0.2162020063836502,3.616549425076667,0,102.899807107866,Low,Low,3
Phosphide,Mo,0.996754367838321,35.83392957371868,79.89184431991538,0.4996900886126385,0.959405918225182,0,119.1611763635858,Low,Low,3
Phosphide,Mo,0.6789154445877901,31.4093840058183,54.44725801364388,0.0665196565331028,3.516691803906537,1,61.75282803003972,Low,Low,3
Phosphide,Mo,0.8589767750314268,37.71423225290833,40.39041989849713,0.1787337980111104,3.412954843859973,0,97.34210160221814,Low,Low,3
Phosphide,Mo,0.8276866351977984,33.88083351422333,35.03322481577899,0.1936967088815948,3.444244841493232,0,98.72976686134056,Low,Low,3
Phosphide,Mo,0.650910574147205,33.01760184331707,69.91771088875174,0.4573250796936191,0.6799994307702067,0,115.7755461669345,Low,Low,3
Phosphide,Mo,0.7998018791706343,36.63687187135509,45.76951144813128,0.189312085144408,3.718386356272541,0,97.3712066591888,Low,Low,3
Phosphide,Mo,0.8247980357847633,39.20371328466891,61.51,0.04828,3.61,1,62.68,Low,Low,3
Phosphide,Mo,0.9467013772910569,36.57220567729738,60.26799094391157,0.0641185170353289,3.586447484945746,1,60.39705248080144,Low,Low,3
Phosphide,Mo,0.9728508795422555,31.82853665656637,41.49413247028536,0.1885936541598885,3.294574510009747,0,98.81126040858396,Low,Low,3
Phosphide,Mo,0.5219341049149372,39.60642234334158,68.26608377775511,0.4738900660485229,0.7402365295576346,0,125.2208876508839,Low,Low,3
Phosphide,Mo,0.9723339016234545,35.67458482097338,39.04174465963293,0.2031409013818118,3.405101705913301,0,96.97071745182696,Low,Low,3
Phosphide,Mo,0.7942482055938775,33.81581601041309,39.05459291663573,0.1869552570004583,3.654355409660247,0,94.13791492547766,Low,Low,3
Phosphide,Mo,0.5436284261581177,36.01419911557356,66.66397714848114,0.478279870286483,0.6608428005535837,0,122.5054156641633,Low,Low,3
Phosphide,Mo,0.5412958479331451,39.07003207343232,63.74957201386119,0.0681217414925707,3.583181264654524,1,64.51879924727632,Low,Low,3
Phosphide,Mo,0.5961567283200225,31.46235508296354,75.81372497061045,0.4695583807186917,0.8109824259502376,0,121.2428603477647,Low,Low,3
Phosphide,Mo,0.9402147862593014,38.33512941641887,40.75852276382845,0.1990879387555154,3.715398854418351,0,102.9443461563149,Low,Low,3
Phosphide,Mo,0.6723170989754956,30.56059961531956,64.90001498647845,0.0492629140146924,3.644875571691651,1,69.61396404792796,Low,Low,3
Phosphide,Mo,0.64644005784782,32.65586400832149,59.35860258510407,0.0548432089435032,3.702029995139268,1,61.49441197433042,Low,Low,3
Phosphide,Mo,0.7901631261472302,34.6807829463346,70.13890961320445,0.4702321135694622,0.7006616398632804,0,130.5539206085277,Low,Low,3
Phosphide,Mo,0.60125956068284,31.93639140934452,67.22255163771284,0.4731083308573079,0.6154608521109709,0,123.0670545051611,Low,Low,3
Phosphide,Mo,13.31239899919864,59.90386812499285,63.65614791363397,0.0407832092790898,3.533272258120201,1,60.66414500395279,Low,Low,3
Phosphide,Mo,13.09691625495121,57.8617975640061,59.94387166798224,0.0603932464722114,3.608978737573614,1,61.03021199275276,Low,Low,3
Phosphide,Mo,13.87641438615769,58.54571335950099,72.85084370127079,0.4646915687826499,0.9386838677249316,0,124.9824259410616,Low,Low,3
Phosphide,Mo,13.07901102944446,55.82151943992569,62.69165920866217,0.0465502901696266,3.692476930523265,1,60.59125924571073,Low,Low,3
Phosphide,Mo,13.17683855313155,55.82238853139624,38.97,0.19456,3.45,0,96.43,Low,Low,3
Phosphide,Mo,13.28059215584318,53.5130512410957,62.18449674833687,0.0650692775703221,3.574002761869754,1,63.23732898303505,Low,Low,3
Phosphide,Mo,13.08410330178874,58.7715965546839,37.0588960990188,0.1839004974839763,3.400503135356679,0,92.00944117319088,Low,Low,3
Phosphide,Mo,13.61640922352055,54.55797430379799,67.61182699665773,0.4916104661634993,0.68102330634131,0,125.1927825556696,Low,Low,3
Phosphide,Mo,13.90728058442971,52.61720335883685,70.65640535647039,0.4784448082568012,0.9242004047055232,0,122.3846899074128,Low,Low,3
Phosphide,Mo,13.420089029096,54.592807112476,58.56162891611003,0.0347377031139267,3.480092552444435,1,60.70306970472733,Low,Low,3
Phosphide,Mo,13.27408548781939,55.08686657499327,43.88256218550109,0.1722186650159078,3.42165731302917,0,99.18174984801684,Low,Low,3
Phosphide,Mo,13.61235007031651,51.0034563663556,63.68921111763257,0.0462227728478036,3.82726240076901,1,62.22515006273279,Low,Low,3
Phosphide,Mo,13.37269471382722,57.23552470521653,75.87246685830628,0.4838979364099517,0.7174011134053525,0,116.1310742933646,Low,Low,3
Phosphide,Mo,13.45146982338169,52.21745677902523,72.76466031810935,0.488139775101133,0.5380962971136883,0,119.3770517721637,Low,Low,3
Phosphide,Mo,13.09775732241768,58.9412398272585,76.47788531222076,0.4845808386061641,0.8088345251144098,0,119.8341912115332,Low,Low,3
Phosphide,Mo,13.32932777760553,59.98779956606522,74.78038963388568,0.4739405399614064,0.6882229529711544,0,119.2514409778874,Low,Low,3
Phosphide,Mo,13.41026233358467,56.27477314711642,61.39901957279609,0.0183724741537254,3.868709065475424,1,57.96263482873169,Low,Low,3
Phosphide,Mo,13.3238963592348,51.8414323680139,37.8489885384734,0.1969268810388462,3.497145116364918,0,93.08167830105278,Low,Low,3
Phosphide,Mo,13.07357566044112,54.33045360160403,64.73082439162022,0.0525190291529831,3.550101704643465,1,62.46552645097606,Low,Low,3
Phosphide,Mo,13.96833657861218,50.84817670839026,55.28076070196938,0.0295501703282529,3.74220600320168,1,64.58799888074871,Low,Low,3
Phosphide,Mo,13.5839690589822,56.6237472736657,35.21419356820122,0.2143464774050293,3.60544985745307,0,99.8322393403318,Low,Low,3
Phosphide,Mo,13.84301271005091,59.3625905837194,64.27611113987884,0.0384849884205444,3.735539841522353,1,60.69140069131485,Low,Low,3
Phosphide,Mo,13.68591691530401,52.65391293524322,71.8652534025973,0.4581671271019872,0.4402584848284885,0,116.4270820581163,Low,Low,3
Phosphide,Mo,13.69973777040526,52.60635387409022,45.87961228997293,0.1610853211145757,3.496371561868993,0,99.89464890398868,Low,Low,3
Phosphide,Mo,13.10908354695609,53.25141632133437,67.43015882893683,0.0383693256961431,3.659771410727523,1,58.45611259407895,Low,Low,3
Phosphide,Mo,13.03085186579886,56.59961828765216,62.50808877416077,0.0678917472162853,3.772739043117266,1,64.88636840166319,Low,Low,3
Phosphide,Mo,13.05868326804274,55.98070503423378,65.32858388355864,0.0421371953533313,3.421585392535799,1,63.99070247275458,Low,Low,3
Phosphide,Mo,13.49270149808991,57.1609554893271,74.32712311854193,0.494776427963353,0.760012324877001,0,117.9518593016446,Low,Low,3
Phosphide,Mo,13.43788451246066,57.82459284391022,60.61998571556603,0.0430303493952022,3.62739225918694,1,55.83343869629589,Low,Low,3
Phosphide,Mo,13.30346295440844,57.05351042590492,76.02155830254901,0.4715778111691305,0.4719497789869694,0,116.1785922010358,Low,Low,3
Phosphide,Mo,13.1146036789996,55.71382008281563,35.52889506211225,0.2123788793510183,3.566836982869936,0,97.89588458331112,Low,Low,3
Phosphide,Mo,13.25799984081318,53.27083830786867,61.27518518666596,0.0356265150756452,3.722701519586343,1,64.45427527374596,Low,Low,3
Phosphide,Mo,13.1574363399263,59.47268485478687,74.24578722468911,0.4598622633543847,0.8150459839131303,0,122.5548982589215,Low,Low,3
Phosphide,Mo,13.7027753657728,50.93267739740547,34.96775187517707,0.2022243795818774,3.564040097020953,0,95.03979932114318,Low,Low,3
Phosphide,Mo,13.19739750567499,57.94168267585795,71.4,0.47288,0.71,0,120.73,Low,Low,3
Phosphide,Mo,13.21537934602344,53.41990041285452,70.3988242232413,0.4622795083458801,0.732578746175651,0,114.9674977775458,Low,Low,3
Phosphide,Mo,13.76651096289958,57.48273448061401,44.25608925346189,0.2004124154830517,3.421375273010292,0,95.90526112159792,Low,Low,3
Phosphide,Mo,13.78613324164691,59.72363347008012,74.11843261670711,0.4741770621465171,0.7118965193122028,0,121.0060193494542,Low,Low,3
Phosphide,Mo,13.43554817348288,59.14937045191815,44.54045094173915,0.2050699358648506,3.408600342962519,0,102.3725465425797,Low,Low,3
Phosphide,Mo,13.41066165726873,56.0153435987335,42.74325335837968,0.195414211860993,3.298739220433502,0,96.06186328939508,Low,Low,3
Phosphide,Mo,13.65095132073986,57.68483758270229,72.05791697676165,0.4724042469489513,0.6524720273474585,0,117.2952978195742,Low,Low,3
Phosphide,Mo,13.71692079937155,53.14145787460791,37.85962680714501,0.2007949690969372,3.550648226780833,0,93.96085943227496,Low,Low,3
Phosphide,Mo,13.04108736084872,53.62175194711816,42.54927432108865,0.1831897568699739,3.445521981889025,0,96.71518621504352,Low,Low,3
Phosphide,Mo,13.84610421871651,51.38965754979937,64.99789981917215,0.0428788929045599,3.57214425419986,1,61.38018396658519,Low,Low,3
Phosphide,Mo,13.11829260304347,55.87767230018122,37.11718465033434,0.1962168784765399,3.387173919774487,0,93.27214970464227,Low,Low,3
Phosphide,Mo,13.00557103524014,59.55911208290062,39.62460384231181,0.2013345716868304,3.638388622461286,0,100.228797251384,Low,Low,3
Phosphide,Mo,13.40305840971563,57.66856583081962,64.30344286377064,0.4559448291026218,0.7168472665402895,0,117.9002535292793,Low,Low,3
Phosphide,Mo,13.3688970464003,54.83213946503949,61.57560130796979,0.0424640212854184,3.5317446001518,1,61.66379088418704,Low,Low,3
Phosphide,Mo,13.81955287006992,57.5202420966742,74.17735088808575,0.4716588075868152,0.8864292324870229,0,124.899677206726,Low,Low,3
Phosphide,Mo,13.8857654459331,51.52065036710632,68.56134507293676,0.4614047804394362,0.7695644627703611,0,122.9714467765137,Low,Low,3
Phosphide,Mo,13.16915643054697,52.35968415576929,64.79647219125563,0.0287498910988218,3.801612113179276,1,60.3986249328116,Low,Low,3
Phosphide,Mo,13.21782789381461,56.17000206679054,56.06264409906455,0.0762453887178109,3.679810717800389,1,64.36753835571066,Low,Low,3
Phosphide,Mo,13.68219192728682,54.87819685724121,38.26108605443589,0.2319551823021017,3.634996506332971,0,96.5351053479186,Low,Low,3
Phosphide,Mo,13.3297162023986,52.41412847347614,61.60715944694343,0.045972592649129,3.601792395057414,1,60.55379630981064,Low,Low,3
Phosphide,Mo,13.76292081041437,52.38760882120516,61.3308810975558,0.0327885472128335,3.459126517322536,1,66.52277660005086,Low,Low,3
Phosphide,Mo,13.88921224923422,54.98994875298695,63.91895576760055,0.0581204532713837,3.65101421748314,1,66.47399525867647,Low,Low,3
Phosphide,Mo,13.52233951345693,55.40819000853858,60.42340866902584,0.0457041669761771,3.593873985140727,1,62.49838261288949,Low,Low,3
Phosphide,Mo,13.68080811392028,56.19795213130283,35.03047524933553,0.1964896118810643,3.451431565598833,0,96.88135322937954,Low,Low,3
Phosphide,Mo,13.36635943302391,52.06206322803777,40.89567982351127,0.1838066360459388,3.343539559945199,0,95.85630913344274,Low,Low,3
Phosphide,Mo,13.00227817559109,56.59042251134583,36.92737849441648,0.2024809531425769,3.456056185377148,0,97.42750004627015,Low,Low,3
Phosphide,Mo,13.01316831354114,57.77073803433362,37.45501486809049,0.1746690697285036,3.459746347142784,0,91.98134982395774,Low,Low,3
Phosphide,Mo,13.24909506876851,50.21907236901911,44.77254792416067,0.2162020063836502,3.616549425076667,0,102.899807107866,Low,Low,3
Phosphide,Mo,13.59035493442102,52.94598744922728,79.89184431991538,0.4996900886126385,0.959405918225182,0,119.1611763635858,Low,Low,3
Phosphide,Mo,13.9254353523806,59.00211084635989,54.44725801364388,0.0665196565331028,3.516691803906537,1,61.75282803003972,Low,Low,3
Phosphide,Mo,13.16904927638258,54.70462403488984,40.39041989849713,0.1787337980111104,3.412954843859973,0,97.34210160221814,Low,Low,3
Phosphide,Mo,13.92699931826098,56.80358780767914,35.03322481577899,0.1936967088815948,3.444244841493232,0,98.72976686134056,Low,Low,3
Phosphide,Mo,13.50507040789742,58.50463198825096,69.91771088875174,0.4573250796936191,0.6799994307702067,0,115.7755461669345,Low,Low,3
Phosphide,Mo,13.70886814761004,50.49620580146119,45.76951144813128,0.189312085144408,3.718386356272541,0,97.3712066591888,Low,Low,3
Phosphide,Mo,13.94529579133598,53.88351255360974,61.51,0.04828,3.61,1,62.68,Low,Low,3
Phosphide,Mo,13.59063520817719,51.10283511860278,60.26799094391157,0.0641185170353289,3.586447484945746,1,60.39705248080144,Low,Low,3
Phosphide,Mo,13.20568460727781,54.07539347172571,41.49413247028536,0.1885936541598885,3.294574510009747,0,98.81126040858396,Low,Low,3
Phosphide,Mo,13.69863650957882,58.39668051183568,68.26608377775511,0.4738900660485229,0.7402365295576346,0,125.2208876508839,Low,Low,3
Phosphide,Mo,13.29404597999064,53.08817376548839,39.04174465963293,0.2031409013818118,3.405101705913301,0,96.97071745182696,Low,Low,3
Phosphide,Mo,13.33846754468694,58.48606019856365,39.05459291663573,0.1869552570004583,3.654355409660247,0,94.13791492547766,Low,Low,3
Phosphide,Mo,13.66587545711636,54.97557392912572,66.66397714848114,0.478279870286483,0.6608428005535837,0,122.5054156641633,Low,Low,3
Phosphide,Mo,13.55558732157606,59.08588946960474,63.74957201386119,0.0681217414925707,3.583181264654524,1,64.51879924727632,Low,Low,3
Phosphide,Mo,13.08794610402917,55.35852849779977,75.81372497061045,0.4695583807186917,0.8109824259502376,0,121.2428603477647,Low,Low,3
Phosphide,Mo,13.49831495092619,54.78835032101296,40.75852276382845,0.1990879387555154,3.715398854418351,0,102.9443461563149,Low,Low,3
Phosphide,Mo,13.49296209220437,53.03163065486024,64.90001498647845,0.0492629140146924,3.644875571691651,1,69.61396404792796,Low,Low,3
Phosphide,Mo,13.5613094366927,59.58927131594535,59.35860258510407,0.0548432089435032,3.702029995139268,1,61.49441197433042,Low,Low,3
Phosphide,Mo,13.9308709941601,59.2249572277831,70.13890961320445,0.4702321135694622,0.7006616398632804,0,130.5539206085277,Low,Low,3
Phosphide,Mo,13.39807041839708,58.37549810531615,67.22255163771284,0.4731083308573079,0.6154608521109709,0,123.0670545051611,Low,Low,3
